category,code,name,parent
council area,GB-ABE,Aberdeen City,GB-SCT
council area,GB-ABD,Aberdeenshire,GB-SCT
council area,GB-ANS,Angus,GB-SCT
district,GB-ANN,Antrim and Newtownabbey,GB-NIR
district,GB-AND,Ards and North Down,GB-NIR
council area,GB-AGB,Argyll and Bute,GB-SCT
district,GB-ABC,"Armagh City, Banbridge and Craigavon",GB-NIR
London borough,GB-BDG,Barking and Dagenham,GB-ENG
London borough,GB-BNE,Barnet,GB-ENG
metropolitan district,GB-BNS,Barnsley,GB-ENG
unitary authority,GB-BAS,Bath and North East Somerset,GB-ENG
unitary authority,GB-BDF,Bedford,GB-ENG
district,GB-BFS,Belfast City,GB-NIR
London borough,GB-BEX,Bexley,GB-ENG
metropolitan district,GB-BIR,Birmingham,GB-ENG
unitary authority,GB-BBD,Blackburn with Darwen,GB-ENG
unitary authority,GB-BPL,Blackpool,GB-ENG
unitary authority,GB-BGW,Blaenau Gwent,GB-WLS
metropolitan district,GB-BOL,Bolton,GB-ENG
unitary authority,GB-BCP*,"Bournemouth, Christchurch and Poole",GB-ENG
unitary authority,GB-BRC,Bracknell Forest,GB-ENG
metropolitan district,GB-BRD,Bradford,GB-ENG
London borough,GB-BEN,Brent,GB-ENG
unitary authority,GB-BGE,Bridgend [Pen-y-bont ar Ogwr GB-POG],GB-WLS
unitary authority,GB-BNH,Brighton and Hove,GB-ENG
unitary authority,GB-BST,"Bristol, City of",GB-ENG
London borough,GB-BRY,Bromley,GB-ENG
unitary authority,GB-BKM,Buckinghamshire,GB-ENG
metropolitan district,GB-BUR,Bury,GB-ENG
unitary authority,GB-CAY,Caerphilly [Caerffili GB-CAF],GB-WLS
metropolitan district,GB-CLD,Calderdale,GB-ENG
two-tier county,GB-CAM,Cambridgeshire,GB-ENG
London borough,GB-CMD,Camden,GB-ENG
unitary authority,GB-CRF,Cardiff [Caerdydd GB-CRD],GB-WLS
unitary authority,GB-CMN,Carmarthenshire [Sir Gaerfyrddin GB-GFY],GB-WLS
district,GB-CCG,Causeway Coast and Glens,GB-NIR
unitary authority,GB-CBF*,Central Bedfordshire,GB-ENG
unitary authority,GB-CGN,Ceredigion [Sir Ceredigion],GB-WLS
unitary authority,GB-CHE*,Cheshire East,GB-ENG
unitary authority,GB-CHW*,Cheshire West and Chester,GB-ENG
council area,GB-CLK,Clackmannanshire,GB-SCT
unitary authority,GB-CWY,Conwy,GB-WLS
unitary authority,GB-CON,Cornwall,GB-ENG
metropolitan district,GB-COV,Coventry,GB-ENG
London borough,GB-CRY,Croydon,GB-ENG
two-tier county,GB-CMA,Cumbria,GB-ENG
unitary authority,GB-DAL,Darlington,GB-ENG
unitary authority,GB-DEN,Denbighshire [Sir Ddinbych GB-DDB],GB-WLS
unitary authority,GB-DER,Derby,GB-ENG
two-tier county,GB-DBY,Derbyshire,GB-ENG
district,GB-DRS,Derry and Strabane,GB-NIR
two-tier county,GB-DEV,Devon,GB-ENG
metropolitan district,GB-DNC,Doncaster,GB-ENG
two-tier county,GB-DOR,Dorset,GB-ENG
metropolitan district,GB-DUD,Dudley,GB-ENG
council area,GB-DGY,Dumfries and Galloway,GB-SCT
council area,GB-DND,Dundee City,GB-SCT
unitary authority,GB-DUR,"Durham, County",GB-ENG
London borough,GB-EAL,Ealing,GB-ENG
council area,GB-EAY,East Ayrshire,GB-SCT
council area,GB-EDU,East Dunbartonshire,GB-SCT
council area,GB-ELN,East Lothian,GB-SCT
council area,GB-ERW,East Renfrewshire,GB-SCT
unitary authority,GB-ERY,East Riding of Yorkshire,GB-ENG
two-tier county,GB-ESX,East Sussex,GB-ENG
council area,GB-EDH,"Edinburgh, City of",GB-SCT
council area,GB-ELS,Eilean Siar,GB-SCT
London borough,GB-ENF,Enfield,GB-ENG
country,GB-ENG,England,
two-tier county,GB-ESS,Essex,GB-ENG
council area,GB-FAL,Falkirk,GB-SCT
district,GB-FMO,Fermanagh and Omagh,GB-NIR
council area,GB-FIF,Fife,GB-SCT
unitary authority,GB-FLN,Flintshire [Sir y Fflint GB-FFL],GB-WLS
metropolitan district,GB-GAT,Gateshead,GB-ENG
council area,GB-GLG,Glasgow City,GB-SCT
two-tier county,GB-GLS,Gloucestershire,GB-ENG
London borough,GB-GRE,Greenwich,GB-ENG
unitary authority,GB-GWN,Gwynedd,GB-WLS
London borough,GB-HCK,Hackney,GB-ENG
unitary authority,GB-HAL,Halton,GB-ENG
London borough,GB-HMF,Hammersmith and Fulham,GB-ENG
two-tier county,GB-HAM,Hampshire,GB-ENG
London borough,GB-HRY,Haringey,GB-ENG
London borough,GB-HRW,Harrow,GB-ENG
unitary authority,GB-HPL,Hartlepool,GB-ENG
London borough,GB-HAV,Havering,GB-ENG
unitary authority,GB-HEF,Herefordshire,GB-ENG
two-tier county,GB-HRT,Hertfordshire,GB-ENG
council area,GB-HLD,Highland,GB-SCT
London borough,GB-HIL,Hillingdon,GB-ENG
London borough,GB-HNS,Hounslow,GB-ENG
council area,GB-IVC,Inverclyde,GB-SCT
unitary authority,GB-AGY,Isle of Anglesey [Sir Ynys Môn GB-YNM],GB-WLS
unitary authority,GB-IOW,Isle of Wight,GB-ENG
unitary authority,GB-IOS*,Isles of Scilly,GB-ENG
London borough,GB-ISL,Islington,GB-ENG
London borough,GB-KEC,Kensington and Chelsea,GB-ENG
two-tier county,GB-KEN,Kent,GB-ENG
unitary authority,GB-KHL,Kingston upon Hull,GB-ENG
London borough,GB-KTT,Kingston upon Thames,GB-ENG
metropolitan district,GB-KIR,Kirklees,GB-ENG
metropolitan district,GB-KWL,Knowsley,GB-ENG
London borough,GB-LBH,Lambeth,GB-ENG
two-tier county,GB-LAN,Lancashire,GB-ENG
metropolitan district,GB-LDS,Leeds,GB-ENG
unitary authority,GB-LCE,Leicester,GB-ENG
two-tier county,GB-LEC,Leicestershire,GB-ENG
London borough,GB-LEW,Lewisham,GB-ENG
two-tier county,GB-LIN,Lincolnshire,GB-ENG
district,GB-LBC,Lisburn and Castlereagh,GB-NIR
metropolitan district,GB-LIV,Liverpool,GB-ENG
city corporation,GB-LND,"London, City of",GB-ENG
unitary authority,GB-LUT,Luton,GB-ENG
metropolitan district,GB-MAN,Manchester,GB-ENG
unitary authority,GB-MDW,Medway,GB-ENG
unitary authority,GB-MTY,Merthyr Tydfil [Merthyr Tudful GB-MTU],GB-WLS
London borough,GB-MRT,Merton,GB-ENG
district,GB-MEA,Mid and East Antrim,GB-NIR
district,GB-MUL,Mid-Ulster,GB-NIR
unitary authority,GB-MDB,Middlesbrough,GB-ENG
council area,GB-MLN,Midlothian,GB-SCT
unitary authority,GB-MIK,Milton Keynes,GB-ENG
unitary authority,GB-MON,Monmouthshire [Sir Fynwy GB-FYN],GB-WLS
council area,GB-MRY,Moray,GB-SCT
unitary authority,GB-NTL,Neath Port Talbot [Castell-nedd Port Talbot GB-CTL],GB-WLS
metropolitan district,GB-NET,Newcastle upon Tyne,GB-ENG
London borough,GB-NWM,Newham,GB-ENG
unitary authority,GB-NWP,Newport [Casnewydd GB-CNW],GB-WLS
district,GB-NMD,"Newry, Mourne and Down",GB-NIR
two-tier county,GB-NFK,Norfolk,GB-ENG
council area,GB-NAY,North Ayrshire,GB-SCT
unitary authority,GB-NEL,North East Lincolnshire,GB-ENG
council area,GB-NLK,North Lanarkshire,GB-SCT
unitary authority,GB-NLN,North Lincolnshire,GB-ENG
unitary authority,GB-NNH*,North Northamptonshire,GB-ENG
unitary authority,GB-NSM,North Somerset,GB-ENG
metropolitan district,GB-NTY,North Tyneside,GB-ENG
two-tier county,GB-NYK,North Yorkshire,GB-ENG
province,GB-NIR,Northern Ireland,
unitary authority,GB-NBL,Northumberland,GB-ENG
unitary authority,GB-NGM,Nottingham,GB-ENG
two-tier county,GB-NTT,Nottinghamshire,GB-ENG
metropolitan district,GB-OLD,Oldham,GB-ENG
council area,GB-ORK,Orkney Islands,GB-SCT
two-tier county,GB-OXF,Oxfordshire,GB-ENG
unitary authority,GB-PEM,Pembrokeshire [Sir Benfro GB-BNF],GB-WLS
council area,GB-PKN,Perth and Kinross,GB-SCT
unitary authority,GB-PTE,Peterborough,GB-ENG
unitary authority,GB-PLY,Plymouth,GB-ENG
unitary authority,GB-POR,Portsmouth,GB-ENG
unitary authority,GB-POW,Powys,GB-WLS
unitary authority,GB-RDG,Reading,GB-ENG
London borough,GB-RDB,Redbridge,GB-ENG
unitary authority,GB-RCC,Redcar and Cleveland,GB-ENG
council area,GB-RFW,Renfrewshire,GB-SCT
unitary authority,GB-RCT,Rhondda Cynon Taff [Rhondda CynonTaf],GB-WLS
London borough,GB-RIC,Richmond upon Thames,GB-ENG
metropolitan district,GB-RCH,Rochdale,GB-ENG
metropolitan district,GB-ROT,Rotherham,GB-ENG
unitary authority,GB-RUT,Rutland,GB-ENG
metropolitan district,GB-SLF,Salford,GB-ENG
metropolitan district,GB-SAW,Sandwell,GB-ENG
country,GB-SCT,Scotland,
council area,GB-SCB,Scottish Borders,GB-SCT
metropolitan district,GB-SFT,Sefton,GB-ENG
metropolitan district,GB-SHF,Sheffield,GB-ENG
council area,GB-ZET,Shetland Islands,GB-SCT
unitary authority,GB-SHR,Shropshire,GB-ENG
unitary authority,GB-SLG,Slough,GB-ENG
metropolitan district,GB-SOL,Solihull,GB-ENG
two-tier county,GB-SOM,Somerset,GB-ENG
council area,GB-SAY,South Ayrshire,GB-SCT
unitary authority,GB-SGC,South Gloucestershire,GB-ENG
council area,GB-SLK,South Lanarkshire,GB-SCT
metropolitan district,GB-STY,South Tyneside,GB-ENG
unitary authority,GB-STH,Southampton,GB-ENG
unitary authority,GB-SOS,Southend-on-Sea,GB-ENG
London borough,GB-SWK,Southwark,GB-ENG
metropolitan district,GB-SHN,St. Helens,GB-ENG
two-tier county,GB-STS,Staffordshire,GB-ENG
council area,GB-STG,Stirling,GB-SCT
metropolitan district,GB-SKP,Stockport,GB-ENG
unitary authority,GB-STT,Stockton-on-Tees,GB-ENG
unitary authority,GB-STE,Stoke-on-Trent,GB-ENG
two-tier county,GB-SFK,Suffolk,GB-ENG
metropolitan district,GB-SND,Sunderland,GB-ENG
two-tier county,GB-SRY,Surrey,GB-ENG
London borough,GB-STN,Sutton,GB-ENG
unitary authority,GB-SWA,Swansea [Abertawe GB-ATA],GB-WLS
unitary authority,GB-SWD,Swindon,GB-ENG
metropolitan district,GB-TAM,Tameside,GB-ENG
unitary authority,GB-TFW,Telford and Wrekin,GB-ENG
unitary authority,GB-THR,Thurrock,GB-ENG
unitary authority,GB-TOB,Torbay,GB-ENG
unitary authority,GB-TOF,Torfaen [Tor-faen],GB-WLS
London borough,GB-TWH,Tower Hamlets,GB-ENG
metropolitan district,GB-TRF,Trafford,GB-ENG
unitary authority,GB-VGL,"Vale of Glamorgan, The [Bro Morgannwg GB-BMG]",GB-WLS
metropolitan district,GB-WKF,Wakefield,GB-ENG
country,GB-WLS,Wales [Cymru GB-CYM],
metropolitan district,GB-WLL,Walsall,GB-ENG
London borough,GB-WFT,Waltham Forest,GB-ENG
London borough,GB-WND,Wandsworth,GB-ENG
unitary authority,GB-WRT,Warrington,GB-ENG
two-tier county,GB-WAR,Warwickshire,GB-ENG
unitary authority,GB-WBK,West Berkshire,GB-ENG
council area,GB-WDU,West Dunbartonshire,GB-SCT
council area,GB-WLN,West Lothian,GB-SCT
unitary authority,GB-WNH*,West Northamptonshire,GB-ENG
two-tier county,GB-WSX,West Sussex,GB-ENG
London borough,GB-WSM,Westminster,GB-ENG
metropolitan district,GB-WGN,Wigan,GB-ENG
unitary authority,GB-WIL,Wiltshire,GB-ENG
unitary authority,GB-WNM,Windsor and Maidenhead,GB-ENG
metropolitan district,GB-WRL,Wirral,GB-ENG
unitary authority,GB-WOK,Wokingham,GB-ENG
metropolitan district,GB-WLV,Wolverhampton,GB-ENG
two-tier county,GB-WOR,Worcestershire,GB-ENG
unitary authority,GB-WRX,Wrexham [Wrecsam GB-WRC],GB-WLS
unitary authority,GB-YOR,York,GB-ENG
